URL,Node Count
http://47.101.178.54/config.yaml,0
https://dy.kkr.qzz.io/,2613
http://119.125.135.69:8000/,0
http://87.107.190.169:8080/builder-effective-config.yaml,0
http://cdn.m.hustoj.com:8090/config.yaml,0
http://89.221.203.57/config.yaml,0
http://135.181.219.179:8088/betty-config.yaml,0
http://8.134.177.27/config.yaml,0
http://77.110.113.212/config.yaml,0
http://119.125.135.69:8000/all.yaml,0
http://121.46.248.155:8080/config.yaml,0
http://129.204.241.223:8883/builder-debug.yml,0
http://188.254.254.132/config.yaml,0
http://95.217.186.227:8001/,0
http://5.102.124.78:8080/config.yaml,2
http://193.233.113.5/config.yaml,0
http://77.110.112.112/config.yaml,0
http://119.125.135.69:8000/mihomo.yaml,0
http://113.15.126.63:5005/config.yaml,1
https://cdn.openttd.org/config.yaml,0
http://14.103.171.30:9999/config.yaml,46
http://144.91.121.99/builder-effective-config.yaml,0
http://cdn.m.hustoj.com:8090/config.yaml,0
http://5.102.124.78:8080/config.yaml,2
http://2.59.161.9/config.yaml,0
http://84.33.244.7:8080/config.yaml,1
http://119.125.135.69:8000/config.yaml,0
http://175.178.84.248:8080/config.yaml,0
http://8.134.177.27/config.yaml,0
http://204.44.110.129:8085/clash.yaml,1
http://108.215.42.136:8080/.gitlab-ci.yml,0
https://cdn-preview.openttd.org/config.yaml,0
https://cdn.openttd.org/config.yaml,0
http://175.178.84.248:8080/config.yaml,0
http://5.102.124.76:8080/config.yaml,2
http://46.101.212.189:8008/.pre-commit-config.yaml,0
http://5.102.124.76:8080/config.yaml,2
https://cdn-preview.openttd.org/config.yaml,0
http://89.47.198.238:4567/ACL.yaml,0
http://119.125.135.69:8000/clash_proxies.yaml,0
http://47.101.178.54/config.yaml,0
http://121.199.50.60:8080/builder-debug.yml,0
http://113.15.126.63:5005/config.yaml,1
http://47.109.89.50:4000/builder-debug.yml,0
https://exe.jcjc9090.com/builder-debug.yml,0
http://121.46.248.155:8080/config.yaml,0
http://84.33.244.7:8080/config.yaml,1
http://14.103.171.30:9999/config.yaml,46
https://updates.hoolva.com/builder-debug.yml,0
http://89.47.198.238:4567/config.yaml,0
https://download.helloshuai.com/snz-clash.yaml,10
